Country Name,Country Code,Series Name,Series Code,1990 [YR1990],1991 [YR1991],1992 [YR1992],1993 [YR1993],1994 [YR1994],1995 [YR1995],1996 [YR1996],1997 [YR1997],1998 [YR1998],1999 [YR1999],2000 [YR2000],2001 [YR2001],2002 [YR2002],2003 [YR2003],2004 [YR2004],2005 [YR2005],2006 [YR2006],2007 [YR2007],2008 [YR2008],2009 [YR2009],2010 [YR2010],2011 [YR2011],2012 [YR2012],2013 [YR2013],2014 [YR2014],2015 [YR2015],2016 [YR2016],2017 [YR2017],2018 [YR2018],2019 [YR2019],2020 [YR2020],Total valid data
Arab World,ARB,Access to clean fuels and technologies for cooking (% of population),EG.CFT.ACCS.ZS,,,,,,,,,,,75.31875484,76.6544796,77.85548458,79.04554536,80.03416635,81.02576797,81.9658149,82.78718917,83.47573318,84.15742348,84.68334427,85.19274228,85.64421787,85.93256689,86.2323839,86.47859724,86.72268517,86.9379329,87.04077373,87.23553889,87.30706752,
Arab World,ARB,Access to electricity (% of population),EG.ELC.ACCS.ZS,,,,,,,76.61107378,77.25362114,78.11157597,78.69106128,80.73614121,81.58623137,81.54022203,82.50815948,82.50368475,83.21298163,85.45900327,83.76443999,83.38698965,84.3134838,87.11486281,87.33266124,87.03958839,88.99261981,88.01535618,88.68188567,89.19506235,90.32465949,88.9107494,89.99994555,90.27773508,25.0
Arab World,ARB,"Access to electricity, rural (% of rural population)",EG.ELC.ACCS.RU.ZS,,,54.72294385,56.80703886,57.87260505,57.44772513,59.73147204,60.5407426,61.93556921,62.88719854,68.17380833,70.4674396,70.02899565,71.8286435,68.20496248,69.62666918,73.4525088,69.83534637,69.62313621,70.62856688,75.41409754,75.55981558,75.37702209,79.58262154,77.66615747,78.95159239,79.79166538,82.37306556,82.97075371,83.74050002,81.66089867,29.0
Arab World,ARB,"Access to electricity, urban (% of urban population)",EG.ELC.ACCS.UR.ZS,,,,,,,,,,,94.8621022,94.3297878,94.3291079,94.51278596,94.61584454,94.56927303,95.33591933,95.09251052,94.38758704,95.06165726,96.87082794,96.99940188,96.98007919,97.23905702,96.85610096,97.02131295,97.26179897,97.48365836,97.58123691,98.27828695,97.54039702,21.0
Arab World,ARB,"Adjusted net savings, excluding particulate emission damage (% of GNI)",NY.ADJ.SVNX.GN.ZS,,-6.981278832,5.761461643,4.649088026,4.104207592,5.044217223,5.125453227,6.282007018,5.504083194,8.902894666,10.74913044,11.52027815,10.84812349,13.28672452,16.39328743,20.74075762,22.74091074,22.80937278,23.78701499,14.03513558,18.31017635,23.389429,22.53710692,21.38631688,18.95860385,11.43417579,12.33059965,15.13080808,16.79922422,16.52699246,12.00670592,
Arab World,ARB,"Adolescent fertility rate (births per 1,000 women ages 15-19)",SP.ADO.TFRT,71.13964561,69.06829548,67.33237901,65.34886541,63.37309629,61.23987932,59.26088996,57.2691505,56.25427823,55.28152201,54.34604818,53.30940511,52.29773889,51.89782413,51.53838504,51.21296389,50.83960202,50.51953589,50.30529057,50.11920443,49.96689708,49.86696767,49.79106685,49.34535918,48.85399796,48.27973787,47.50473939,46.68711926,46.00272258,45.24536866,44.40661104,31.0
Arab World,ARB,Adolescents out of school (% of lower secondary school age),SE.SEC.UNER.LO.ZS,34.55981064,33.84270859,34.0791893,32.8020401,33.99356079,33.20301819,31.6671505,30.72631073,29.98023987,28.84836006,27.7920208,27.00704956,25.99802017,25.07875061,24.00777054,22.9897995,22.77036095,22.4803009,21.77371979,20.48373032,20.34417915,20.33556938,19.06521034,21.60820961,20.43841934,19.49834061,18.65456009,18.45516968,17.22069931,16.36922073,16.8374691,31.0
Arab World,ARB,"Adolescents out of school, female (% of female lower secondary school age)",SE.SEC.UNER.LO.FE.ZS,,,,40.45257187,41.9061203,40.91181946,38.81245041,37.47042084,36.42073059,35.00735855,33.82566071,32.67797089,31.18033981,29.77261925,28.74876022,27.38246918,26.77441025,26.50725937,25.53610992,23.73756981,23.14233971,22.75830078,21.28930092,23.94547081,22.83931923,21.80587006,20.75987053,20.54504013,19.3094101,18.38098907,18.79286957,28.0
Arab World,ARB,"Adolescents out of school, male (% of male lower secondary school age)",SE.SEC.UNER.LO.MA.ZS,,,,25.4654808,26.41230965,25.82209015,24.82681084,24.26259995,23.7979393,22.92939949,21.99514961,21.56945038,21.02673912,20.5763092,19.46245003,18.7827301,18.94179916,18.62830925,18.17019081,17.36499023,17.66254997,18.01527023,16.93707085,19.3710804,18.13908958,17.28903961,16.64102936,16.45573997,15.22099972,14.44423962,14.96835995,28.0
Arab World,ARB,Agriculture value added per worker (constant 2010 US$),EA.PRD.AGRI.KD,2533.693341,2637.118954,2686.281644,2648.397569,2766.453646,2709.381764,3053.772194,3010.845802,3192.430956,3195.687168,3127.035505,3407.99351,3478.750831,3509.238402,3600.860672,3668.008334,3853.70682,3697.880659,3738.312591,3948.003086,4075.699541,4308.487525,4447.358958,4698.801256,4735.191341,4766.656078,4915.243989,,,,,
Arab World,ARB,"Agriculture, forestry, and fishing, value added per worker (constant 2015 US$)",NV.AGR.EMPL.KD,,3503.927937,3549.519964,3588.039996,3633.265774,3579.969198,3930.692424,3925.307367,4191.029957,4309.403605,4161.351569,4496.312667,4667.336964,4561.118096,4507.103537,4638.148691,4819.418146,4546.509437,4602.024972,4915.372712,5203.105596,5668.951633,5870.354897,5994.419368,6152.600696,6292.940713,6263.774654,6359.269799,6816.609016,7600.376502,,
Arab World,ARB,"Air transport, freight (million ton-km)",IS.AIR.GOOD.MT.K1,1753.599989,1562.200001,1970.600016,2225.699981,2637.099971,2924.400073,2919.999978,3156.50006,3255.200013,3685.199973,4069.469,3977.352,4574.315,5348.805,6842.743,7614.616,8798.176,10073.09,13176.421,14557.538,15792.09456,17136.92745,19711.76462,22234.01364,24698.89969,25918.4579,27869.69502,30342.72508,31869.18039,31621.85052,27332.22072,
Arab World,ARB,"Air transport, passengers carried",IS.AIR.PSGR,31484000,28835100,33877100,34017400,35968300,35918200,38024200,39692100,40403700,43269900,45723758,46769231,49871837,52465002,60950501,43608649,47875367,51722644,53542019,95372047,126796491.9,135837641.4,152014159.7,166209279.1,181627311.1,195957046.0,214318723,223496214.1,232670166.9,246284712.9,83932897.01,
Arab World,ARB,Aquaculture production (metric tons),ER.FSH.AQUA.MT,70522,70649,78320,65086,70944,87973,109249,105662,165476,246418,360829,364763,398297,476490,514596.4,590726,643697,688762.4004,756349.131,771541.4815,987749.0489,1042809.194,1084322.227,1150420.881,1215108.083,1259349.99,1471832.372,1580578.258,1706436.325,,,
Arab World,ARB,Capture fisheries production (metric tons),ER.FSH.CAPT.MT,1536003.07,1588588.555,1569900.852,1677432.273,1884931.453,2023076.695,1792001.811,2006436.516,1984901.719,2060476.984,2211091.914,2569250.469,2466899.492,2512946.242,2590634.063,2676910.109,2478328.461,2480108.313,2491842.375,2760764.613,2745879.922,2623574.375,2984907.375,3056245.453,3081111.797,3097365.625,3396238.875,3601263.75,3974589.047,,,
Arab World,ARB,Cereal yield (kg per hectare),AG.YLD.CREL.KG,1577.809041,1784.719586,1598.683673,1646.613124,1937.828734,1738.904863,2020.641227,1859.857182,1850.619669,1845.469655,1766.193891,2010.622771,2290.248602,2321.068742,2250.006954,2092.24616,2452.068802,2104.586792,2295.86895,2617.271051,2242.412748,2524.86915,2032.472838,1967.370696,1796.045339,2057.438839,1705.274933,1869.677439,2011.461649,,,
Arab World,ARB,Children out of school (% of primary school age),SE.PRM.UNER.ZS,27.02107048,26.39509964,28.97262955,28.51501083,26.31988907,27.14195061,25.04480934,24.61060905,24.31854057,22.77128983,21.88200951,20.74842072,19.84692955,19.27841949,18.76902008,18.05783081,18.00951004,16.86260033,15.9602499,15.75374985,14.66456985,15.01091003,14.8919096,15.73563957,15.9679203,15.74501991,15.55506039,14.9659996,14.03608036,14.0177803,13.90686989,31.0
Arab World,ARB,"Children out of school, female (% of female primary school age)",SE.PRM.UNER.FE.ZS,33.52077866,32.497509,36.13497162,35.40697861,32.23820114,33.60881042,30.47562981,30.07670975,29.33564949,27.46298027,26.21768951,24.7186203,23.46405983,22.62162971,22.02181053,21.10584068,20.89444923,19.5293808,18.45005035,18.23591995,16.94300079,17.05665016,16.3977108,17.24851036,17.29421043,17.00522995,16.66049957,16.47394943,15.71652985,15.58040047,15.47284985,31.0
Arab World,ARB,"Children out of school, male (% of male primary school age)",SE.PRM.UNER.MA.ZS,20.76789093,20.52680969,22.09287071,21.90275955,20.64658928,20.94346046,19.8350296,19.36650085,19.50511932,18.27062035,17.7249794,16.94599915,16.37816048,16.07107925,15.64953041,15.13735962,15.24582958,14.30749989,13.57518005,13.37656975,12.48268032,13.05169964,13.45005989,14.28738022,14.69867992,14.53942013,14.49802017,13.52437019,12.43076038,12.52604008,12.41230965,31.0
Arab World,ARB,"Children out of school, primary",SE.PRM.UNER,9297761,9469939,10640581,10705839,10077728,10563245,9866551,9799453,9780804,9209765,8919689,8529021,8212020,7853625,7694676,7746581,7756658,7293994,6940468,6800937,6389970,6612852,6635164.0,7112736.0,7478493.0,7509429.0,7567118,7438706,7131083,7309432,7436768,31.0
Arab World,ARB,"Children out of school, primary, female",SE.PRM.UNER.FE,5655649,5715658,6501987,6509026,6041449,6401448,5878331,5863862,5777100,5438239,5231112,4970851,4752694,4512217,4419680,4430322,4403004,4133422,3925414,3851195,3611489,3675857,3573783.0,3813221.0,3960807.0,3965433.0,3961725,4002040,3901139,3967863,4040552,31.0
Arab World,ARB,"Children out of school, primary, male",SE.PRM.UNER.MA,3642111,3754281,4138594,4196813,4036279,4161797,3988220,3935591,4003704,3771526,3688576,3558171,3459326,3341408,3274995,3316260,3353654,3160572,3015054,2949742,2778481,2936995,3061381.0,3299515.0,3517686.0,3543997.0,3605393,3436666,3229944,3341569,3396216,31.0
Arab World,ARB,CO2 emissions (kg per 2015 US$ of GDP),EN.ATM.CO2E.KD.GD,0.705115346,0.719126536,0.708524969,0.735282595,0.75044975,0.750789953,0.742570871,0.7321969,0.70044652,0.695100126,0.672248502,0.70109652,0.726529862,0.711976388,0.689706797,0.7134148,0.706036328,0.705976772,0.720009259,0.750192058,0.755567779,0.741670822,0.749090727,0.737639218,0.750773991,0.74662912,0.730074869,0.729951257,0.71342517,,,
Arab World,ARB,CO2 emissions (kg per 2017 PPP $ of GDP),EN.ATM.CO2E.PP.GD.KD,0.294180607,0.287701678,0.297923264,0.31254712,0.321968078,0.323007994,0.319660423,0.321155951,0.307047658,0.305231526,0.298873128,0.310046223,0.318811327,0.313050164,0.304039356,0.307958776,0.30662997,0.305376412,0.312557718,0.32152665,0.325676133,0.322327565,0.326098562,0.32339326,0.326415134,0.322502908,0.315380867,0.313763894,0.302233604,0.305181246,,
Arab World,ARB,CO2 emissions (kg per PPP $ of GDP),EN.ATM.CO2E.PP.GD,0.422727544,0.381367401,0.385476828,0.394103198,0.397519556,0.390765331,0.380023534,0.375145051,0.353451156,0.346202967,0.330486286,0.335614341,0.340651099,0.33040159,0.310527115,0.305091198,0.29475072,0.28628802,0.287393884,0.293935741,0.293849318,0.283656239,0.280089385,0.279754953,0.287829673,0.32063972,0.328232699,0.313763894,0.295181682,0.292822781,,
Arab World,ARB,CO2 emissions (metric tons per capita),EN.ATM.CO2E.PC,2.857037333,2.790656901,2.974365223,3.11830944,3.221162719,3.219157524,3.257243237,3.341023284,3.288230741,3.262100786,3.326407713,3.436030635,3.477800441,3.506168157,3.613896768,3.773437342,3.882117939,3.945361574,4.160964127,4.198569989,4.34437799,4.336633558,4.533164747,4.513582982,4.568055328,4.590845752,4.550515314,4.511544658,4.375073798,4.408389449,,
Arab World,ARB,Coal rents (% of GDP),NY.GDP.COAL.RT.ZS,0.011219546,0.014372944,0.01214862,0.009371995,0.006688626,0.008433299,0.008423358,0.00774282,0.008205046,0.005393565,0.004481443,0.0057222,0.006075106,0.004888881,0.005434698,0.009325888,0.009030764,0.005499279,0.014904397,0.009775176,0.011068789,0.01360167,0.005865066,0.004163048,0.003433042,0.002509597,0.002359896,0.003304043,0.002987267,0.002304856,0.00178494,
Arab World,ARB,"Commercial bank branches (per 100,000 adults)",FB.CBK.BRCH.P5,,,,,,,,,,,,,,,8.785,8.775,10.64,10.01,10.55,10.86,10.845,10.965,11.0,11.025,11.75,11.3,11.955,11.375,11.14,12.08,12.22,
Arab World,ARB,"Compulsory education, duration (years)",SE.COM.DURS,,,,,,,,,9,9,9,9,9,9,9,9,9,9,9,9,9,9,9.0,9.0,9.0,9.0,9,9,9,9,9,
Arab World,ARB,"Contributing family workers, female (% of female employment) (modeled ILO estimate)",SL.FAM.WORK.FE.ZS,,31.86002823,32.10205923,31.7419722,31.75054647,30.02982712,29.69814629,29.28974661,27.16367424,26.83872589,27.660358,24.73672058,24.76427055,25.66310974,27.19671073,26.21085099,25.84282539,25.66338615,24.4302482,23.81700142,22.2017032,21.68415558,19.98591115,21.34354166,21.55913998,21.34618159,16.34581329,16.71903361,14.82936629,13.26758973,,29.0
Arab World,ARB,"Contributing family workers, male (% of male employment) (modeled ILO estimate)",SL.FAM.WORK.MA.ZS,,9.417435207,9.370086767,9.312032974,8.981677141,8.962671686,8.758962585,8.636176419,8.656330538,8.848069885,8.566365794,8.276601454,8.347837271,8.251860693,8.295013357,7.723839876,6.847275147,6.632172671,6.183989724,5.840336786,5.113040297,4.852393371,4.479268372,4.400671498,4.372795364,4.30122954,3.7074222,3.662026139,3.353129079,3.121758964,,29.0
Arab World,ARB,Employment in agriculture (% of total employment) (modeled ILO estimate),SL.AGR.EMPL.ZS,,34.26160565,34.67457716,33.84446781,33.61488734,32.68651395,32.02531667,31.37094571,30.6333458,30.04487648,30.2882688,29.48592381,28.69338845,28.6650361,28.64241255,27.67579226,26.83916524,26.25417007,25.40551823,24.28070111,23.11691125,22.71790444,21.84482713,21.69017137,21.4648574,20.82906768,20.31523213,19.7414036,18.60230756,17.97656579,,29.0
Arab World,ARB,"Employment in agriculture, female (% of female employment) (modeled ILO estimate)",SL.AGR.EMPL.FE.ZS,,46.46408545,47.37432556,45.37237025,45.76087685,43.89972271,43.19114173,42.36311684,40.45157598,38.95635177,41.26672549,38.30482377,36.47261931,38.00289067,39.08419099,38.43907395,36.90706267,37.49134904,36.25516124,35.65773534,33.87844755,32.92746047,30.70733847,31.41796265,31.0975859,29.5098607,28.48809218,28.07062034,24.04221865,23.1526126,,29.0
Arab World,ARB,"Employment in agriculture, male (% of male employment) (modeled ILO estimate)",SL.AGR.EMPL.MA.ZS,,31.41071631,31.66148654,31.11341654,30.71298481,30.01247954,29.33606366,28.76521793,28.31072094,27.88748983,27.64992454,27.34917059,26.86549659,26.42237188,26.15393954,25.10484768,24.42615167,23.49900699,22.82509521,21.64484204,20.65758907,20.37301466,19.80159163,19.43504623,19.22628002,18.81725761,18.39508971,17.85270202,17.39768283,16.84470548,,29.0
Arab World,ARB,Employment in industry (% of total employment) (modeled ILO estimate),SL.IND.EMPL.ZS,,20.94683887,21.04311857,21.02023251,21.02513012,21.13378542,21.24108884,21.24160934,21.28283895,21.38195238,20.86646427,20.96669966,20.74848197,20.72150632,20.93138678,21.70962278,22.33781826,22.91413323,23.61172435,24.14364748,25.00640364,24.69820908,24.92357803,24.75167593,24.61225763,24.59567382,24.89740334,25.11445426,25.11112662,25.00552825,,29.0
Arab World,ARB,"Employment in industry, female (% of female employment) (modeled ILO estimate)",SL.IND.EMPL.FE.ZS,,13.27026693,13.51605631,13.03215393,12.63542786,12.86353334,12.69214084,12.57457788,12.8742133,13.27980994,12.12059688,12.97221017,13.02633892,11.90525281,11.63901979,11.21788508,11.21404814,10.94074138,10.83045608,10.52892118,10.62415712,10.22871724,10.36898332,10.29782606,10.16761264,10.30103041,10.40674825,10.53674798,10.85906975,10.64551684,,29.0
Arab World,ARB,"Employment in industry, male (% of male employment) (modeled ILO estimate)",SL.IND.EMPL.MA.ZS,,22.70894468,22.80385273,22.89161545,23.01138046,23.08123014,23.27655768,23.27334084,23.25368479,23.33732944,22.9562834,22.89495505,22.56630568,22.81308722,23.1135521,24.17830885,24.97747205,25.84180311,26.65735277,27.30969379,28.31575443,28.01663029,28.27873765,28.12902616,28.00930666,27.94279447,28.32419868,28.47856845,28.44087563,28.37093035,,29.0
Arab World,ARB,Employment in services (% of total employment) (modeled ILO estimate),SL.SRV.EMPL.ZS,,44.79450041,44.28277313,45.13539706,45.35876621,46.17711782,46.73504414,47.38734626,48.08193676,48.57229441,48.84746233,49.54809827,50.55919518,50.61568086,50.42807871,50.61562735,50.82224738,50.8322251,50.98330755,51.57920418,51.87756628,52.5853961,53.23123531,53.55822101,53.92417872,54.57683883,54.78698496,55.1466423,56.29076098,57.02003474,,29.0
Arab World,ARB,"Employment in services, female (% of female employment) (modeled ILO estimate)",SL.SRV.EMPL.FE.ZS,,40.26684928,39.11229559,41.59390144,41.60737218,43.23700626,44.11973374,45.06311586,46.67672261,47.76860599,46.61392269,48.72384774,50.50426088,50.0935253,49.27922653,50.34380306,51.88310182,51.56690265,52.9155787,53.81527461,55.50110727,56.84576136,58.92334602,58.28795175,58.73648177,60.18874696,61.10668513,61.39451228,65.10167296,66.20105273,,29.0
Arab World,ARB,"Employment in services, male (% of male employment) (modeled ILO estimate)",SL.SRV.EMPL.MA.ZS,,45.88334334,45.53546213,45.99596859,46.27637084,46.90817683,47.39023114,47.96341548,48.43652363,48.77774713,49.39177465,49.75560108,50.56662431,50.76842598,50.73325894,50.71657107,50.60002329,50.65946807,50.51981748,51.04482481,51.02774023,51.61338813,51.92092144,52.43672827,52.76802816,53.24032506,53.28123036,53.67004657,54.16330598,54.78350313,,29.0
Arab World,ARB,Exports of goods and services (% of GDP),NE.EXP.GNFS.ZS,,,,,,,,,,,,38.36673387,39.78515543,42.3207639,47.54900346,51.92214371,53.28696356,53.23710658,56.01647954,45.4530566,47.94828801,53.49423062,55.00907464,53.26931757,49.37063928,41.34018699,38.15924122,42.19143159,46.2702677,44.45765136,37.54115834,
Arab World,ARB,Exports of goods and services (annual % growth),NE.EXP.GNFS.KD.ZG,,,,,,,,,,,,,-1.504746081,14.549805,11.03886344,8.987744386,6.409386722,5.479675977,6.094735236,-6.719244526,5.294766021,2.207568952,9.785814124,1.415993574,-0.794960555,2.854314009,2.170859623,2.864775362,9.170473684,-2.110879641,-12.24750349,
Arab World,ARB,"Foreign direct investment, net inflows (% of GDP)",BX.KLT.DINV.WD.GD.ZS,0.476908424,0.453676485,0.739301848,0.903331591,0.973778087,0.055117594,0.597091741,1.356873404,1.498368894,0.427141384,0.471363119,1.116323542,0.768172335,1.646663378,2.027209909,3.551838922,4.517820324,4.571266392,3.940454975,3.874571746,3.008250184,1.759777514,1.830849006,1.467223083,1.087717473,1.019859755,1.311999687,1.170805536,1.221468529,1.399579305,1.577376555,
Arab World,ARB,"Foreign direct investment, net inflows (BoP, current US$)",BX.KLT.DINV.CD.WD,3053835682,2123621591,3477597029,4331542878,4909888144,299885485.9,3662695409,8973444817,9641399374,2881569839,3840491004,8899597182,6159576371,14595559434,21373075474,46048851175,69481323910,81836608641,88751312330,76654497098,70001315697,44868032640,50079903886.0,41259115295.0,31042743760.0,25507493631.0,32582348458,30063429264,33766670547,38979383400,37930004351,
Arab World,ARB,Forest area (% of land area),AG.LND.FRST.ZS,1.786076798,1.779710346,1.773340738,1.766974298,1.760607857,1.754241426,1.747874986,1.741508546,1.735142105,1.728775665,3.002027967,1.72047383,1.718538434,1.716629651,1.714695751,1.712758798,1.710812455,1.708872217,1.706933506,1.7053773,2.859551987,2.97909048,2.960547902,2.942050711,2.923542713,2.905073453,2.887458066,2.868050195,2.848500463,2.830678707,2.812928807,
Arab World,ARB,Forest area (sq. km),AG.LND.FRST.K2,200673.069,199957.772,199242.475,198527.178,197811.881,197096.585,196381.288,195665.991,194950.694,194235.397,411781.7,193302.65,193085.2,192867.65,192650.2,192432.75,192215.1,191997.45,191779.8,191562.15,392164,389730.66,387305.12,384879.58,382454.04,380038.2,377730.6,375191.7,372634.1,370302.7,367980.7,
Arab World,ARB,Forest rents (% of GDP),NY.GDP.FRST.RT.ZS,0.087156756,0.100324141,0.086838088,0.066413748,0.06496674,0.08917666,0.084757467,0.076851511,0.108620296,0.053733637,0.038348713,0.045712088,0.048857722,0.061256941,0.048246595,0.038306251,0.03998373,0.03396519,0.045177149,0.050584012,0.050004472,0.098463375,0.112356939,0.135162119,0.174343263,0.206725851,0.239900217,0.27353063,0.095544516,0.117213615,0.135340398,
Arab World,ARB,GDP (constant 2015 US$),NY.GDP.MKTP.KD,9.5464E+11,9.77667E+11,1.02842E+12,1.06096E+12,1.0959E+12,1.12918E+12,1.18243E+12,1.23843E+12,1.30202E+12,1.32581E+12,1.41252E+12,1.4367E+12,1.44649E+12,1.51695E+12,1.65126E+12,1.74242E+12,1.84837E+12,1.93289E+12,2.04039E+12,2.04885E+12,2.14624E+12,2.21585E+12,2328300000000.0,2388000000000.0,2444090000000.0,2518700000000.0,2.59867E+12,2.63096E+12,2.69316E+12,2.73588E+12,2.59768E+12,
Arab World,ARB,GDP (current US$),NY.GDP.MKTP.CD,6.44069E+11,4.71526E+11,4.73815E+11,4.82769E+11,5.0777E+11,5.5606E+11,6.14196E+11,6.6232E+11,6.44497E+11,7.12839E+11,8.16022E+11,7.98509E+11,8.03126E+11,8.87856E+11,1.05625E+12,1.2979E+12,1.5383E+12,1.79004E+12,2.25374E+12,1.97881E+12,2.32701E+12,2.54796E+12,2778080000000.0,2834610000000.0,2876010000000.0,2518700000000.0,2.49586E+12,2.5841E+12,2.78588E+12,2.8081E+12,2.49625E+12,
Arab World,ARB,GDP growth (annual %),NY.GDP.MKTP.KD.ZG,12.06403641,2.412098261,5.190892839,3.164440162,3.293553385,3.036018267,4.716588497,4.735459017,5.13484458,1.826898145,6.540221275,1.712248307,0.681534101,4.870690023,8.854427223,5.520446063,6.080681139,4.572705319,5.561259916,0.414944587,4.753177418,3.243588345,5.074696991,2.564217188,2.34867918,3.052633634,3.175146768,1.242607981,2.363881228,1.586319316,-5.051382598,
Arab World,ARB,GDP per capita (constant 2015 US$),NY.GDP.PCAP.KD,4287.562034,4274.296577,4414.632109,4434.650001,4464.885379,4461.251771,4565.365555,4676.450034,4812.030775,4796.798926,5002.817258,4981.074094,4908.939124,5037.787732,5363.637774,5532.099374,5732.229036,5852.097704,6029.584814,5910.793425,6047.616236,6101.645333,6268.35275,6289.246895,6300.831405,6359.900578,6431.676224,6386.722188,6414.539706,6394.179498,5956.877772,
Arab World,ARB,GDP per capita (current US$),NY.GDP.PCAP.CD,2892.697861,2061.480923,2033.922796,2017.897763,2068.7366,2196.934452,2371.40464,2501.000175,2381.946705,2579.069902,2890.16922,2768.446111,2725.554628,2948.572988,3430.913519,4120.758814,4770.610863,5419.599572,6660.069689,5708.709286,6556.987974,7016.136647,7479.254085,7465.455471,7414.312109,6359.900578,6177.227235,6272.949782,6635.381394,6562.969998,5724.28687,
Arab World,ARB,GDP per capita growth (annual %),NY.GDP.PCAP.KD.ZG,8.088173307,-0.309393932,3.283242749,0.453444159,0.681798534,-0.081381887,2.333734759,2.433200097,2.899223565,-0.316536811,4.294912817,-0.434618406,-1.448181017,2.624775013,6.46811775,3.140808657,3.61760786,2.091135355,3.032880158,-1.970142099,2.314796025,0.893394923,2.732171538,0.333327523,0.184195516,0.937482201,1.128565528,-0.698947427,0.435552327,-0.317407141,-6.839059283,
Arab World,ARB,"GDP per capita, PPP (constant 2017 international $)",NY.GDP.PCAP.PP.KD,9711.847989,9699.828388,9983.662168,9977.085824,10004.60275,9966.185322,10189.6982,10403.11811,10709.18685,10687.29967,11129.83204,11082.31734,10908.64766,11200.02018,11886.27952,12253.05994,12660.59523,12919.66708,13312.6264,13058.23324,13339.56514,13454.11943,13901.21047,13956.9482,13994.61868,14235.05229,14428.63465,14378.78846,14475.80196,14445.15186,13528.33597,
Arab World,ARB,"GDP per capita, PPP (current international $)",NY.GDP.PCAP.PP.CD,6758.578596,7317.502471,7716.067502,7912.418514,8103.155349,8238.083756,8571.161896,8905.950577,9303.211156,9422.509611,10065.19136,10238.03281,10209.27408,10611.83803,11637.9427,12368.22751,13170.85142,13781.0921,14478.26263,14283.97231,14784.37324,15288.34187,16184.70743,16134.05925,15870.68938,14317.76995,13863.68674,14378.78846,14821.63044,15054.80357,14269.22342,
Arab World,ARB,GDP per person employed (constant 2017 PPP $),SL.GDP.PCAP.EM.KD,,39959.15713,41227.1901,41067.29043,40748.09342,40487.66418,40810.52918,41305.98629,42413.7074,41744.49212,43676.21795,43560.14591,43135.6746,43689.79709,45245.40223,45956.07993,46409.24099,46584.48479,47568.2964,46206.11934,46501.60719,47422.73786,48786.16291,48746.38719,49110.55935,50111.09471,50669.20666,51133.65901,51572.65384,51090.46962,49758.9828,
Arab World,ARB,"GDP, PPP (constant 2017 international $)",NY.GDP.MKTP.PP.KD,2.16238E+12,2.21866E+12,2.32576E+12,2.38695E+12,2.45562E+12,2.52251E+12,2.63914E+12,2.75498E+12,2.89765E+12,2.9539E+12,3.14244E+12,3.1965E+12,3.2144E+12,3.37248E+12,3.65934E+12,3.85929E+12,4.08244E+12,4.26725E+12,4.50494E+12,4.52636E+12,4.73408E+12,4.88596E+12,5163430000000.0,5299400000000.0,5428510000000.0,5637480000000.0,5.82979E+12,5.92324E+12,6.07769E+12,6.18065E+12,5.89945E+12,
Arab World,ARB,"GDP, PPP (current international $)",NY.GDP.MKTP.PP.CD,1.50482E+12,1.67374E+12,1.79751E+12,1.89299E+12,1.98891E+12,2.08512E+12,2.21994E+12,2.35849E+12,2.51722E+12,2.60432E+12,2.84185E+12,2.95298E+12,3.00832E+12,3.19537E+12,3.58289E+12,3.89557E+12,4.24698E+12,4.55177E+12,4.89939E+12,4.95124E+12,5.24683E+12,5.55207E+12,6011610000000.0,6126050000000.0,6156240000000.0,5670240000000.0,5.60152E+12,5.92324E+12,6.22289E+12,6.4415E+12,6.22253E+12,
Arab World,ARB,General government final consumption expenditure (annual % growth),NE.CON.GOVT.KD.ZG,,,,,,,,,,,,3.156270937,2.306065891,3.965207411,5.274713905,4.859909857,5.744740204,2.02760264,6.647123208,5.917045439,3.350022769,14.61229145,4.28413475,9.317877466,6.337491741,-2.619786047,-7.138439037,3.450477751,4.560949318,2.665225106,0.742642612,
Arab World,ARB,GNI (constant 2015 US$),NY.GNP.MKTP.KD,,,,,,,,,,,,1.41721E+12,1.41555E+12,1.51252E+12,1.62116E+12,1.70824E+12,1.80797E+12,1.89482E+12,1.99912E+12,1.99743E+12,2.05923E+12,2.17133E+12,2267040000000.0,2348460000000.0,2426960000000.0,2525100000000.0,2.61739E+12,2.63567E+12,2.68192E+12,2.72935E+12,2.61186E+12,
Arab World,ARB,GNI growth (annual %),NY.GNP.MKTP.KD.ZG,,,,,,,,,,,,,-0.117747305,6.850841592,7.182463046,5.371725791,5.837891561,4.804000433,5.504557051,-0.084553334,3.093604534,5.444183008,4.407752704,3.591454144,3.342497432,4.043623502,3.654936015,0.698534447,1.754897395,1.76836822,-4.304776891,
Arab World,ARB,GNI per capita (constant 2015 US$),NY.GNP.PCAP.KD,,,,,,,,,,,,4913.508473,4803.909953,5023.089284,5265.845466,5423.580825,5606.922566,5736.831693,5907.647889,5762.451149,5802.434129,5979.054199,6103.424269,6185.101568,6256.662968,6376.048359,6477.991023,6398.14414,6387.781739,6378.917425,5989.38816,
Arab World,ARB,GNI per capita (US$),NY.GNP.MKTP.PC.CD,3285.593084,2104.207283,2045.974348,2029.103911,2047.32097,2209.083514,2341.949036,2474.781609,2355.465943,2532.845372,2821.925522,2718.43612,2689.271979,2900.960447,3392.661232,4061.268904,4758.679466,5441.316639,6660.099097,5671.546882,6443.94655,6939.966607,7427.992122,7429.515503,7400.609168,6376.048359,6208.997887,6299.824201,6633.708951,6550.817287,5757.056258,
Arab World,ARB,GNI per capita growth (annual %),NY.GNP.PCAP.KD.ZG,,,,,,,,,,,,,-2.230555235,4.562519575,4.832806413,2.995442241,3.380455581,2.316941704,2.977535427,-2.457775791,0.69385368,3.043896179,2.080096045,1.338220894,1.156996366,1.908132038,1.598837681,-1.232587124,-0.161959479,-0.138769831,-6.106510544,
Arab World,ARB,"GNI per capita, Atlas method (current US$)",NY.GNP.PCAP.CD,3049.279266,2304.452879,2269.092867,2150.746508,2131.550299,2184.494543,2314.612982,2426.242139,2440.09584,2455.029322,2614.366235,2725.911918,2688.919198,2869.172536,3327.897101,3790.596122,4378.612736,5034.88953,5889.979933,5997.454698,6291.946583,6320.284661,7038.842418,7436.622615,7475.881945,6995.510522,6563.464625,6148.395043,6316.51408,6509.02505,6031.868078,
Arab World,ARB,"GNI per capita, PPP (constant 2017 international $)",NY.GNP.PCAP.PP.KD,,,,,,,,,,,11210.35456,11236.30592,11011.73039,11501.49478,12018.21086,12368.33194,12760.87094,13070.70936,13486.44092,13208.74327,13318.25234,13686.07828,13950.88031,14110.79875,14273.36531,14548.92756,14363.74862,14188.20434,14176.05228,14157.44368,13377.61548,
Arab World,ARB,"GNI per capita, PPP (current international $)",NY.GNP.PCAP.PP.CD,6880.064857,7446.204501,7851.050798,8085.841514,8189.747885,8338.418671,8599.473414,8913.355116,9430.627376,9491.009574,10084.62136,10303.40777,10154.2391,10548.02022,11594.95367,12250.26006,13184.64543,13903.61633,14577.90021,14310.23818,14627.21741,15143.24543,16074.17811,16040.58593,15833.93366,14333.54847,13907.24663,14395.44751,14738.51499,14935.513,14210.582,
Arab World,ARB,"GNI, PPP (constant 2017 international $)",NY.GNP.MKTP.PP.KD,,,,,,,,,,,3.16518E+12,3.24091E+12,3.24477E+12,3.46326E+12,3.69996E+12,3.8956E+12,4.11478E+12,4.31713E+12,4.56376E+12,4.57854E+12,4.72652E+12,4.97019E+12,5181880000000.0,5357820000000.0,5536640000000.0,5761790000000.0,5.80357E+12,5.84473E+12,5.95184E+12,6.05755E+12,5.83372E+12,
Arab World,ARB,"GNI, PPP (current international $)",NY.GNP.MKTP.PP.CD,1.53187E+12,1.70318E+12,1.82895E+12,1.93448E+12,2.01017E+12,2.11051E+12,2.22727E+12,2.36045E+12,2.5517E+12,2.62326E+12,2.84733E+12,2.97183E+12,2.9921E+12,3.17616E+12,3.56966E+12,3.85841E+12,4.25143E+12,4.59224E+12,4.9331E+12,4.96035E+12,5.19105E+12,5.49937E+12,5970550000000.0,6090550000000.0,6141980000000.0,5676490000000.0,5.61912E+12,5.9301E+12,6.18799E+12,6.39046E+12,6.19696E+12,
Arab World,ARB,Gross capital formation (annual % growth),NE.GDI.TOTL.KD.ZG,,,,,,,,,,,,2.443631374,12.83066925,7.083674417,10.30492228,8.841935651,15.04952528,11.45128848,8.860642683,-18.17277933,-3.841443305,-1.652323993,-25.49596857,-6.69093392,-4.545122167,3.628692381,-3.366799799,2.256022006,-3.632355121,5.763248689,-13.5225295,
Arab World,ARB,Households and NPISHs Final consumption expenditure (annual % growth),NE.CON.PRVT.KD.ZG,,,,,,,,,,,,3.190120228,3.379119348,4.028441524,7.098259362,5.890503453,7.5921726,9.727603552,8.525547373,-1.701402043,-0.926944809,4.483725066,4.360237428,2.213227366,5.173679341,-0.384931748,2.774803192,3.821009938,1.63812064,2.568277382,-2.710048832,20.0
Arab World,ARB,Imports of goods and services (annual % growth),NE.IMP.GNFS.KD.ZG,,,,,,,,,,,,,6.110391404,10.46405602,19.68999366,16.61128947,14.97727714,24.30021942,17.93163062,-9.043496959,-1.203034042,5.225621639,10.12294411,4.95416687,4.507936525,-3.921820883,-5.901618191,7.760946329,6.222110427,-0.507647323,-14.25014015,
Arab World,ARB,"Incidence of HIV, ages 15-49 (per 1,000 uninfected population ages 15-49)",SH.HIV.INCD.ZS,0.025578664,0.031029918,0.038507013,0.050265015,0.065103438,0.07633289,0.081602545,0.086112503,0.088359973,0.084894183,0.081107119,0.07803546,0.076304759,0.070160775,0.062191298,0.059155316,0.058270406,0.059129934,0.059602397,0.055900652,0.052893547,0.052460492,0.055984947,0.056343761,0.057014449,0.062732368,0.062875138,0.06562925,0.066649895,0.068331183,0.069733183,31.0
Arab World,ARB,"Incidence of malaria (per 1,000 population at risk)",SH.MLR.INCD.P3,,,,,,,,,,,29.60586044,29.4077223,26.5167451,24.62357131,22.00866546,22.89539022,22.50274486,18.57522396,13.49953522,11.75216923,13.7816945,11.80412844,11.45846034,11.43865398,12.11272829,13.08538219,15.77107014,15.89094781,16.84165434,17.55489014,18.85360345,
Arab World,ARB,Individuals using the Internet (% of population),IT.NET.USER.ZS,0,0,0,0.000892639,0.002815605,0.014112855,0.038461262,0.135488159,0.270604169,0.615844606,1.165887243,1.590368591,2.72740392,3.686682404,7.081958009,8.464300594,11.6967073,14.22754325,18.59709615,21.56866715,25.87111301,27.75528178,31.09962115,34.24688156,37.9520195,41.86635892,43.36102836,48.39656005,54.48275057,61.44226911,68.86595791,31.0
Arab World,ARB,"Industry (including construction), value added per worker (constant 2015 US$)",NV.IND.EMPL.KD,,33073.1031,33316.97131,32310.65769,31686.31253,31670.02899,31532.08456,32344.98077,35972.0367,34225.7504,37803.30526,42498.31331,40987.0929,41441.37419,42348.87349,40957.10919,40379.30675,38420.39281,37997.01889,34972.57703,35941.20953,38248.59314,37952.46022,37321.64279,37276.2656,37696.208,37598.55181,36634.04334,36781.77006,36703.65999,,
Arab World,ARB,"Inflation, consumer prices (annual %)",FP.CPI.TOTL.ZG,8.451462408,9,9.35975159,9.37034416,5.112598904,6.543790685,4.681306239,3.601161033,3.41731949,2.669373691,1.853790353,1.772204374,1.83299389,2.712592475,3.63228005,3.493685346,3.544985916,4.74390639,11.27066524,2.920897118,3.911061955,4.753163889,4.611844322,3.238108339,2.773516131,1.814077239,2.068840361,1.966825578,2.45814158,1.091848027,1.777407838,
Arab World,ARB,"Literacy rate, adult female (% of females ages 15 and above)",SE.ADT.LITR.FE.ZS,40.73368073,41.93894958,43.12672043,43.41931152,44.56912994,45.68162918,47.51374817,48.4502182,49.87384033,51.21184921,52.73535919,53.82067108,55.24858856,57.60602951,58.9168396,58.81216812,58.69216919,59.10821915,60.44631958,58.96981812,60.23765182,62.43844986,66.09427643,65.23873138,67.73674774,65.56703949,67.35148621,68.65435791,65.53031921,65.85761261,66.19689941,31.0
Arab World,ARB,"Literacy rate, adult male (% of males ages 15 and above)",SE.ADT.LITR.MA.ZS,66.26206207,67.25408936,67.93772888,69.06321716,69.58361053,70.45635986,71.45632172,72.15028381,73.11081696,73.86504364,74.31934357,75.50508881,76.34220886,79.28656769,79.82849121,78.92234802,76.96444702,77.55345154,78.09181976,76.95942688,77.51074982,78.91648102,82.10151672,82.0006485,83.10075378,80.81002808,81.74517059,82.21642303,79.59879303,79.76159668,79.93424225,31.0
Arab World,ARB,"Literacy rate, adult total (% of people ages 15 and above)",SE.ADT.LITR.ZS,53.75408936,54.85839081,55.79608917,56.51779938,57.35206985,58.33942032,59.80857086,60.54454041,61.72372055,62.75603104,63.68452835,64.8777771,66.04557037,68.68773651,69.63665771,69.21839905,68.13700867,68.62271881,69.62151337,68.30744934,69.24862671,71.06060791,74.43569183,74.0435791,75.71389008,73.49938965,74.84079742,75.76682281,72.86908722,73.11425018,73.36776733,31.0
Arab World,ARB,"Literacy rate, youth (ages 15-24), gender parity index (GPI)",SE.ADT.1524.LT.FM.ZS,0.788230002,0.795790017,0.805779994,0.795930028,0.80686003,0.817030013,0.828369975,0.838339984,0.84849,0.859080017,0.868820012,0.877340019,0.887409985,0.873570025,0.882910013,0.887910008,0.90328002,0.909280002,0.914210021,0.904810011,0.910220027,0.913380027,0.924969971,0.936380029,0.940909982,0.939339995,0.943729997,0.949299991,0.94344002,0.944840014,0.946250021,31.0
Arab World,ARB,"Literacy rate, youth female (% of females ages 15-24)",SE.ADT.1524.LT.FE.ZS,63.71456146,65.37223816,66.71338654,66.02001953,67.31585693,68.56681824,70.0182724,71.23448944,72.32774353,73.48156738,74.53971863,75.73712921,77.1244812,77.29615021,78.34898376,78.90374756,78.35230255,79.33822632,80.17188263,77.16539001,77.74752808,78.20604706,82.4624176,83.24028778,84.46122742,81.13200378,83.5296936,84.29210663,80.35056305,80.49018097,80.62426758,31.0
Arab World,ARB,"Literacy rate, youth male (% of males ages 15-24)",SE.ADT.1524.LT.MA.ZS,80.83235931,82.14710999,82.79385376,82.94709015,83.42964935,83.92240143,84.5256424,84.97097015,85.24259186,85.53497314,85.7940979,86.32572937,86.90989685,88.48336792,88.73947906,88.86450195,86.74237823,87.25379181,87.69519043,85.28347015,85.41641235,85.62271118,89.15103912,88.89608765,89.76586151,86.37135315,88.50982666,88.79432678,85.16809082,85.18924713,85.20404053,31.0
Arab World,ARB,"Literacy rate, youth total (% of people ages 15-24)",SE.ADT.1524.LT.ZS,72.49598694,73.96469879,74.92014313,74.66314697,75.51257324,76.38603973,77.44602203,78.23993683,78.91464996,79.62744141,80.18483734,81.14054108,82.12361908,83.01048279,83.64240265,84.06600952,82.64806366,83.389328,84.04508972,81.33586884,81.68144989,82.01580048,85.90534973,86.29377747,87.18570709,83.81764984,86.08724976,86.6084671,82.83087158,82.90794373,82.97743988,31.0
Arab World,ARB,"Lower secondary completion rate, female (% of relevant age group)",SE.SEC.CMPT.LO.FE.ZS,41.61222076,42.78031158,43.80672073,44.73067093,46.4859314,47.8032608,48.73971939,49.46297836,50.62466812,51.90705109,53.27846146,55.37105179,57.77062988,58.15275955,59.13010025,60.29587936,59.5121994,60.26258087,60.80987167,63.03868866,62.9666481,64.67556,69.58258057,65.36805725,65.09362793,66.65824127,67.14161682,67.49630737,68.62068176,69.64598083,70.06999207,31.0
Arab World,ARB,"Lower secondary completion rate, male (% of relevant age group)",SE.SEC.CMPT.LO.MA.ZS,54.4590683,54.82997131,55.19340897,55.25893021,56.0901413,56.81278992,57.40121841,57.0984993,57.57112885,58.10916138,58.97539139,61.14527893,63.4826889,63.11809921,63.49599075,64.46633148,62.57838821,61.71382141,61.40993118,63.21520996,63.83800888,65.42829895,68.96028137,66.80686188,66.70632935,66.7159729,66.9156723,66.42722321,67.22572327,68.41422272,68.70713806,31.0
Arab World,ARB,"Lower secondary completion rate, total (% of relevant age group)",SE.SEC.CMPT.LO.ZS,48.17065811,48.92956161,49.61196899,50.09236145,51.37239838,52.39011002,53.15483093,53.36289978,54.16289139,55.06666946,56.19464874,58.32337189,60.68761063,60.68432999,61.35665131,62.42274094,61.07672119,61.00289154,61.11455917,63.12823105,63.41128922,65.06022644,69.26435089,66.10478973,65.91929626,66.68978119,67.02854156,66.95198822,67.90956879,69.01706696,69.37291718,31.0
Arab World,ARB,"Manufacturing, value added (% of GDP)",NV.IND.MANF.ZS,9.728769946,11.17126951,11.26033202,11.17405352,11.28127946,11.6480806,11.71633372,11.80951513,12.23496032,11.91307535,12.06911662,12.57313754,12.78388385,13.1974669,12.89132776,12.49336846,11.98358794,11.58990437,11.2740514,11.0981495,11.04229454,11.64081468,11.46834175,11.23712386,11.39990202,11.59538299,11.52320676,11.22939985,11.39429618,11.16163354,11.56621773,
Arab World,ARB,"Manufacturing, value added (current US$)",NV.IND.MANF.CD,62659984485,52675437636,53353171365,53944811437,57282977249,64770334638,71961255841,78216814385,78853962022,84921041716,98486688556,1.00398E+11,1.02671E+11,1.17175E+11,1.36165E+11,1.62151E+11,1.84343E+11,2.07464E+11,2.54088E+11,2.19611E+11,2.56955E+11,2.96603E+11,318599000000.0,318528000000.0,327862000000.0,292053000000.0,2.87604E+11,2.90179E+11,3.17431E+11,3.1343E+11,2.88722E+11,
Arab World,ARB,"Maternal mortality ratio (modeled estimate, per 100,000 live births)",SH.STA.MMRT,,,,,,,,,,,250,243,235,235,226,214,211,201,188,180,174,167,163.0,157.0,156.0,153.0,152,149,,,,18.0
Arab World,ARB,Merchandise trade (% of GDP),TG.VAL.TOTL.GD.ZS,38.02709545,49.133278,53.85297067,51.36806448,50.1676749,51.74621477,53.89186113,51.84476629,47.15078155,47.10472386,52.80630618,51.62196967,53.50341904,58.06967721,65.24029604,69.48426919,69.53804285,73.38748527,78.36590274,67.7037012,68.50239086,79.04949565,81.84773711,81.12246018,75.76464538,68.97481165,63.74104841,67.27150878,72.19742826,70.01811057,63.12222602,
Arab World,ARB,Mineral rents (% of GDP),NY.GDP.MINR.RT.ZS,0.03455339,0.018162492,0.024839954,0.02072308,0.031128358,0.025194627,0.020035129,0.016030967,0.019351019,0.011841593,0.011005648,0.012505503,0.013443327,0.005762028,0.042576195,0.07300633,0.092195545,0.153143167,0.528801244,0.423549936,0.381422965,0.517174625,0.45515254,0.322794994,0.257853433,0.215614684,0.286966641,0.325660995,0.195065332,0.014256916,0.2931433,
Arab World,ARB,"Mortality caused by road traffic injury (per 100,000 population)",SH.STA.TRAF.P5,,,,,,,,,,,19.67207184,19.47745513,19.77198607,20.25717272,20.147049,20.20724331,20.17592559,20.68238416,20.90430602,20.67518508,20.73332914,20.21221347,19.38833719,19.22655532,20.10398823,20.18839844,19.94257799,19.78310867,20.12842253,20.17067571,,
Arab World,ARB,"Mortality from CVD, cancer, diabetes or CRD between exact ages 30 and 70 (%)",SH.DYN.NCOM.ZS,,,,,,,,,,,25.32930792,25.35037307,25.30919157,25.30564171,25.04720563,24.81636742,24.72829686,24.53611907,24.45635461,24.36698816,24.05631157,23.71580816,23.70072038,23.25161511,23.13618251,23.26293555,22.86730411,22.48339546,22.4168481,22.27051081,,
Arab World,ARB,"Mortality from CVD, cancer, diabetes or CRD between exact ages 30 and 70, female (%)",SH.DYN.NCOM.FE.ZS,,,,,,,,,,,22.32552918,22.45724883,22.45111789,22.31382571,22.10838707,21.97486664,21.85126593,21.64920349,21.6055744,21.51518444,21.30309984,20.89937855,20.97140612,20.44990505,20.38820157,20.54236736,20.16870048,19.76377284,19.77411934,19.65251643,,
Arab World,ARB,"Mortality from CVD, cancer, diabetes or CRD between exact ages 30 and 70, male (%)",SH.DYN.NCOM.MA.ZS,,,,,,,,,,,28.16656785,28.16472921,28.05144949,28.11893703,27.7887383,27.51043568,27.40743752,27.24167018,27.10282757,26.96394078,26.5332036,26.20869184,26.11931782,25.77629232,25.60096095,25.66444095,25.30997368,24.94132116,24.81035096,24.63437346,,
Arab World,ARB,"Mortality rate attributed to unintentional poisoning (per 100,000 population)",SH.STA.POIS.P5,,,,,,,,,,,1.245935948,1.234514967,1.159471758,1.11135157,1.04299856,1.100780018,1.121917664,1.088720591,1.078442596,1.045103489,1.021580034,0.965206609,0.989792074,1.012639516,0.985490657,0.972179499,0.907050147,0.879321806,0.861298578,0.868782455,,
Arab World,ARB,"Mortality rate attributed to unintentional poisoning, female (per 100,000 female population)",SH.STA.POIS.P5.FE,,,,,,,,,,,0.990399013,0.987926424,0.917975353,0.894470792,0.847258947,0.931974776,0.9176198,0.906770157,0.890114244,0.864117779,0.836989433,0.783765377,0.805780556,0.831736268,0.80092184,0.807849538,0.746474692,0.706107178,0.701010437,0.691637052,,
Arab World,ARB,"Mortality rate attributed to unintentional poisoning, male (per 100,000 male population)",SH.STA.POIS.P5.MA,,,,,,,,,,,1.463441388,1.442243053,1.360437227,1.339708861,1.252407618,1.325376322,1.32801672,1.292508412,1.2867197,1.253852106,1.216951366,1.165182578,1.16282377,1.183211099,1.161477605,1.15932414,1.085216385,1.022422276,1.024349137,1.028344354,,
Arab World,ARB,"Mortality rate, neonatal (per 1,000 live births)",SH.DYN.NMRT,31.41829592,30.69708367,30.01608994,29.33806757,28.68870381,28.09089128,27.52035483,26.97330003,26.46943623,25.95952225,25.43366271,24.93281577,24.44103019,23.9299708,23.37480051,22.8193077,22.23770667,21.65908974,21.01697136,20.42271206,19.81082997,19.32042084,18.88427645,18.45402447,18.00301048,17.61914483,17.33249392,17.11626306,16.87736007,16.65764201,16.40627526,
Arab World,ARB,"Mortality rate, under-5 (per 1,000 live births)",SH.DYN.MORT,80.91649639,78.468172,76.21161211,74.09545502,72.05245807,70.02823553,68.09332663,66.17357518,64.27460615,62.41282999,60.55947269,58.68500273,56.84083698,55.05752876,53.26149867,51.51764004,49.7665975,47.994989,46.19507879,44.47126503,42.96973593,41.75459068,41.36755449,40.60593811,39.65857468,38.62730663,37.68171538,36.23137417,35.61514683,34.88575942,34.08639899,31.0
Arab World,ARB,"Mortality rate, under-5, female (per 1,000 live births)",SH.DYN.MORT.FE,77.32900218,74.92650066,72.68716555,70.53528323,68.45091396,66.36818246,64.32833372,62.3765066,60.49740822,58.69101672,56.85149099,55.04652475,53.26419381,51.54677284,49.86846446,48.18620926,46.54149129,44.8099824,43.10876843,41.47175595,39.99063886,38.81881878,38.50686045,37.81517767,36.91228314,35.92546752,34.98276393,33.60047327,32.98748019,32.27558506,31.55614729,31.0
Arab World,ARB,"Mortality rate, under-5, male (per 1,000 live births)",SH.DYN.MORT.MA,84.2868817,81.81983028,79.56828921,77.47188616,75.49574055,73.54648943,71.67263627,69.7672756,67.84260086,65.93524504,64.04714703,62.11468262,60.24582235,58.33857778,56.48069657,54.67151652,52.83049252,51.00374224,49.11292768,47.34221571,45.77079282,44.51700289,44.08913857,43.2377999,42.26156779,41.21745526,40.21859577,38.74849128,38.11894972,37.32445212,36.48956923,31.0
Arab World,ARB,Natural gas rents (% of GDP),NY.GDP.NGAS.RT.ZS,0.274452682,0.351380652,0.308178052,0.407661868,0.309362271,0.367155366,0.459540263,0.551418009,0.466682574,0.404345426,0.721286115,0.925694871,0.782954356,0.777143423,0.785571416,1.074892324,1.257598487,1.288019399,1.28824365,1.408999955,1.131168354,1.80411534,1.87824221,1.938906917,1.765596601,1.269105792,0.713030297,0.800830976,1.095051632,0.816645394,0.676635927,
Arab World,ARB,Net official development assistance and official aid received (current US$),DT.ODA.ALLD.CD,12762750096,11533449827,8300329900,7335299915,7671250001,6020099862,6374499895,5885569986,6482210034,5512709962,5082809940,5475920011,5307289941,9084489861,11674739841,29295579914,17562190310,19061669792,22708910317,14318619857,12318010101,13655589836,15120080116.0,22498559654.0,22269969971.0,20726760292.0,27757370087,30002789398,33942180252,31642609505,,30.0
Arab World,ARB,Net official development assistance received (constant 2018 US$),DT.ODA.ODAT.KD,19465899909,16985979609,11652640189,10481049994,10513429997,7393090031,8045810051,8022419948,9032510069,7601150237,7361389942,8326299931,7695359953,11727729837,13909510004,34029020485,19893539831,20016109659,22379460377,14735819855,12516310196,13031349895,14198629707.0,20948290009.0,20508110092.0,21159329926.0,28095219833,30203890167,33942180252,32202229561,,30.0
Arab World,ARB,Net official development assistance received (current US$),DT.ODA.ODAT.CD,12762750096,11533449827,8300329900,7335299915,7671250001,6020099862,6339909894,5880489986,6469100034,5494709962,5060029940,5458000011,5285759941,9061279860,11649559841,29295579914,17562190310,19061669792,22708200317,14318329857,12318010101,13655589836,15120080116.0,22498559654.0,22269969971.0,20726760292.0,27757370087,30002789398,33942180252,31642609505,,30.0
Arab World,ARB,Net official development assistance received (current US$),DT.ODA.ODAT.CD1,12762750096,11533449827,8300329900,7335299915,7671250001,6020099862,6339909894,5880489986,6469100034,5494709962,5060029940,5458000011,5285759941,9061279860,11649559841,29295579914,17562190310,19061669792,22708200317,14318329857,12318010101,13655589836,15120080116.0,22498559654.0,22269969971.0,20726760292.0,27757370087,29987989704,33835430511,,,29.0
Arab World,ARB,"New business density (new registrations per 1,000 people ages 15-64)",IC.BUS.NDNS.ZS,,,,,,,,,,,,,,,,,0.406954503,0.4862624,0.509538695,0.4717644,0.488661023,0.516264358,0.573665288,0.578374726,0.596204977,0.614304561,0.690495256,,,,,
Arab World,ARB,Oil rents (% of GDP),NY.GDP.PETR.RT.ZS,23.19281542,18.39981124,20.32989675,19.51891969,17.67469602,17.79874536,20.31918507,17.59469948,11.93991214,15.92875216,24.94800108,19.9867984,19.21173732,21.5820986,25.86947917,32.20789559,32.44967623,29.31936224,33.23066361,20.58211975,24.46589105,33.756533,32.88613265,30.06064342,26.61830777,15.51021583,12.90947487,16.65313154,21.78151498,19.24578238,13.32107812,
Arab World,ARB,People practicing open defecation (% of population),SH.STA.ODFC.ZS,,,,,,,,,,,14.14727968,13.7909572,13.35819619,13.00267174,12.63787274,12.0165348,11.37767193,10.80884755,9.988819162,9.362929026,8.751554341,8.157505879,7.559527283,7.015443224,6.480402471,5.952029344,5.429246719,5.357785117,5.103822331,4.87049754,4.644350378,
Arab World,ARB,"People practicing open defecation, rural (% of rural population)",SH.STA.ODFC.RU.ZS,,,,,,,,,,,27.75485936,27.25337708,26.83474929,26.24514425,25.64479125,24.63300046,23.58839391,22.65338166,21.55837908,20.46885041,19.39067802,18.2906832,17.23842781,16.2043111,15.17372364,14.16592074,13.15189257,13.19904436,12.6662289,12.20960116,11.72436466,
Arab World,ARB,"People practicing open defecation, urban (% of urban population)",SH.STA.ODFC.UR.ZS,,,,,,,,,,,3.022863736,2.986237836,2.952189216,2.913124987,2.871126365,2.684372107,2.492719277,2.283613014,2.095111418,1.905696381,1.71433181,1.5285674,1.254914348,1.070496835,0.886434132,0.699492003,0.51078148,0.459333299,0.416931892,0.371481513,0.337206505,
Arab World,ARB,People using at least basic drinking water services (% of population),SH.H2O.BASW.ZS,,,,,,,,,,,79.01616819,79.34175224,79.68335772,80.11328836,80.55494283,81.16466822,81.79510471,82.37711099,83.02965452,83.66763425,84.28783361,84.88184633,85.45878721,86.0252094,86.58540786,87.1454263,87.68405375,88.09441208,88.47155691,88.81630402,89.14272869,21.0
Arab World,ARB,"People using at least basic drinking water services, rural (% of rural population)",SH.H2O.BASW.RU.ZS,,,,,,,,,,,63.08359165,63.52993309,63.9947643,64.61442429,65.23992318,66.11073819,67.00154304,67.77380296,68.72896355,69.68026061,70.62264484,71.5831757,72.52610395,73.4669904,74.41161174,75.34276713,76.28534928,76.98437609,77.6432213,78.29905523,78.9368323,21.0
Arab World,ARB,"People using at least basic drinking water services, urban (% of urban population)",SH.H2O.BASW.UR.ZS,,,,,,,,,,,90.99218626,91.0664007,91.15574143,91.24800786,91.34328851,91.53901572,91.7427501,92.01812383,92.2094551,92.40154278,92.59475186,92.78551464,93.00192657,93.21878365,93.4370901,93.65757487,93.84080042,93.96882632,94.07581084,94.18209339,94.26004866,21.0
Arab World,ARB,People using at least basic sanitation services (% of population),SH.STA.BASS.ZS,,,,,,,,,,,73.30511996,73.56750464,74.16320743,74.54741976,74.9593473,75.57224801,76.21409083,76.83981671,77.52227479,78.19078822,78.83959371,79.46822279,80.04476983,80.6187982,81.19182068,81.76565227,82.34442491,82.78411385,83.16668783,83.47598699,83.81131139,21.0
Arab World,ARB,"People using at least basic sanitation services, rural (% of rural population)",SH.STA.BASS.RU.ZS,,,,,,,,,,,57.01232355,57.37176705,57.77616251,58.26234179,58.76932983,59.41589162,60.07307919,60.63043599,61.36926212,62.10972525,62.84444666,63.62022442,64.34099397,65.06420791,65.79701078,66.51257805,67.24965143,67.80889075,68.37003846,68.93562509,69.53440475,21.0
Arab World,ARB,"People using at least basic sanitation services, urban (% of urban population)",SH.STA.BASS.UR.ZS,,,,,,,,,,,84.47787293,84.54788015,84.69569243,84.81933388,84.95881737,85.37112022,85.80784369,86.3615288,86.79024243,87.20992932,87.62094499,88.02203612,88.4026714,88.79365919,89.19017665,89.58777969,90.0009734,90.28232602,90.46379875,90.50895165,90.60203842,21.0
Arab World,ARB,People using safely managed sanitation services (% of population),SH.STA.SMSS.ZS,,,,,,,,,,,38.92472904,39.02962332,39.66722523,39.91674427,40.41681107,40.94822643,41.52949771,42.14485286,42.82280491,43.52842132,44.20282886,44.83674152,45.41440047,45.96628312,46.50827534,47.07496489,47.72451579,48.38012877,48.98346995,49.5388678,49.94714309,21.0
Arab World,ARB,"People using safely managed sanitation services, urban (% of urban population)",SH.STA.SMSS.UR.ZS,,,,,,,,,,,47.00166103,46.9611057,46.97536786,46.99441477,47.16717994,47.42640185,47.70308131,48.03297857,48.3155496,48.61978967,48.91436817,49.20087225,49.47447251,49.74197777,50.00205843,50.32325815,50.66181464,50.99598505,51.2750785,51.48744185,51.57505716,21.0
Arab World,ARB,"Personal remittances, received (% of GDP)",BX.TRF.PWKR.DT.GD.ZS,,,,,,,,,,,,,,,,2.059737757,1.888502479,1.957874698,1.775051231,1.86888353,1.881736806,1.862689421,1.976374309,1.976592661,2.197482419,2.335725549,2.323043323,2.438188625,2.38376097,2.460849405,2.910424376,
Arab World,ARB,"PM2.5 air pollution, mean annual exposure (micrograms per cubic meter)",EN.ATM.PM25.MC.M3,53.30026609,,,,,52.54340838,,,,,53.06307635,,,,,52.39524948,,,,,53.7870016,52.65234123,53.29748197,54.05414827,52.58386059,60.40681308,58.76412484,58.68747494,,,,
Arab World,ARB,"PM2.5 air pollution, population exposed to levels exceeding WHO guideline value (% of total)",EN.ATM.PM25.MC.ZS,100,,,,,100,,,,,100,,,,,100,,,,,100,100,100.0,100.0,100.0,100.0,100,100,,,,
Arab World,ARB,"Preprimary education, duration (years)",SE.PRE.DURS,,,,,,,,,,2,2,2,2,2,2,2,2,2,2,2,2,2,2.0,3.0,3.0,3.0,3,3,3,3,3,
Arab World,ARB,Prevalence of anemia among women of reproductive age (% of women ages 15-49),SH.ANM.ALLW.ZS,,,,,,,,,,,38.08877295,37.61635892,37.22455624,36.92181818,36.59527118,36.21327014,35.75806333,35.28087825,34.78061703,34.28170319,33.81293223,33.48013199,33.22485408,33.0808766,32.95897741,32.87810691,32.8793044,32.95928038,33.04785072,33.21666747,,
Arab World,ARB,"Prevalence of HIV, female (% ages 15-24)",SH.HIV.1524.FE.ZS,0.1,0.1,0.100300657,0.100891974,0.101467903,0.102610575,0.10375981,0.105958604,0.107102417,0.107404195,0.107148669,0.106556918,0.105698144,0.103777308,0.10291028,0.102327835,0.101743278,0.101150294,0.100847326,0.100827984,0.1008071,0.100800247,0.100797066,0.100796638,0.10079829,0.100801232,0.100799811,0.100801669,0.101072294,0.101071447,0.101063524,31.0
Arab World,ARB,"Prevalence of HIV, male (% ages 15-24)",SH.HIV.1524.MA.ZS,0.1,0.1,0.100292361,0.100578754,0.100858343,0.101415262,0.101970864,0.102527267,0.103089631,0.103099715,0.10311499,0.102529613,0.102239315,0.101680089,0.101407765,0.100853858,0.100573305,0.100578338,0.100291656,0.100293491,0.100294298,0.100295756,0.100593534,0.100595541,0.100598479,0.100903779,0.100903159,0.100904405,0.100906851,0.100908424,0.100907147,31.0
Arab World,ARB,"Prevalence of HIV, total (% of population ages 15-49)",SH.DYN.AIDS.ZS,0.1,0.100292107,0.101560989,0.10211047,0.103894449,0.104954992,0.107279719,0.111968958,0.124407766,0.125232047,0.126780741,0.12673826,0.129774742,0.129226956,0.12866471,0.128081946,0.12743332,0.126769261,0.123112655,0.121811368,0.121302667,0.120860357,0.120761825,0.119667078,0.116422703,0.116338038,0.116253805,0.115057358,0.114954948,0.115127893,0.115018462,31.0
Arab World,ARB,Prevalence of undernourishment (% of population),SN.ITK.DEFC.ZS,,,,,,,,,,,,12.55149901,12.46685421,12.65757739,12.85718477,12.72960104,12.48326568,12.27374899,12.13378585,12.53900615,13.30928619,13.83343603,13.94482307,13.22009115,13.0744709,13.16227485,13.51854302,13.67132621,13.60792029,14.00792571,,19.0
Arab World,ARB,"Primary completion rate, female (% of relevant age group)",SE.PRM.CMPT.FE.ZS,61.11725998,61.61246872,62.64025879,63.13975143,64.27770996,65.65236664,67.02319336,68.19075775,69.52004242,70.78449249,70.65801239,71.85585022,73.1842804,75.5047226,77.52603912,78.25202942,76.99775696,78.81742096,80.15232849,79.32711792,80.79251862,82.02822113,84.19004822,82.63716888,83.4789505,82.72901917,82.10836792,82.73297119,83.67514801,84.78611755,85.55584717,31.0
Arab World,ARB,"Primary completion rate, male (% of relevant age group)",SE.PRM.CMPT.MA.ZS,77.06865692,76.64631653,77.20230865,77.17662048,77.76741028,78.48088837,79.22419739,79.79795837,80.50618744,81.01387024,80.23686218,81.0728302,81.48040009,83.97370911,85.63751221,86.95072174,84.64591217,86.43665314,88.81072998,86.30155945,87.78318024,88.18739319,89.75808716,87.37851715,88.40145874,86.98114014,86.49189758,86.18650818,87.06835938,88.18823242,89.02980042,31.0
Arab World,ARB,"Primary completion rate, total (% of relevant age group)",SE.PRM.CMPT.ZS,69.26254272,69.28807068,70.07372284,70.30445099,71.16400909,72.20207214,73.25231934,74.11203003,75.12400818,76.00340271,75.54741669,76.56347656,77.41953278,79.82804108,81.66796875,82.69515228,80.90484619,82.70838165,84.57465363,82.89109802,84.36582947,85.1756897,87.03526306,85.06060791,85.99526978,84.90283966,84.34924316,84.49780273,85.40995789,86.52622986,87.33290863,31.0
Arab World,ARB,"Primary education, duration (years)",SE.PRM.DURS,6,6,6,6,6,6,6,6,6,6,6,6,6,6,6,6,6,6,6,6,6,6,6.0,6.0,6.0,6.0,6,6,6,6,6,
Arab World,ARB,Proportion of seats held by women in national parliaments (%),SG.GEN.PARL.ZS,,,,,,,,3.747161241,3.457446809,3.616775683,3.770681031,4.621264767,6.130931763,6.048109966,6.693043192,7.036766496,9.349593496,9.75376524,9.801577815,9.902309059,11.91967178,11.32850242,14.87204249,17.3693086,17.79340184,18.77984085,19.27561399,18.88402121,19.06077348,17.56653992,19.54695851,24.0
Arab World,ARB,"Pupil-teacher ratio, lower secondary",SE.SEC.ENRL.LO.TC.ZS,,,,,18.41384,17.98455,17.75205,17.85917,18.36012,18.82215,18.81129,18.74495,18.93754,18.29154,18.25465,17.89669,17.56229,17.14103,16.84326,16.70191,16.33201,16.10905,16.11684,15.99027,16.1268,16.22269,16.52308,16.1954,16.02797,,,25.0
Arab World,ARB,"Pupil-teacher ratio, preprimary",SE.PRE.ENRL.TC.ZS,22.52747,21.80486,21.78523,22.17722,21.98583,21.94137,21.25685,20.86498,20.32004,19.97434,18.84343,19.13404,19.4646,19.03418,18.99457,18.65802,19.22855,17.95662,19.8212,21.42392,20.25238,19.19762,19.019,19.25221,19.58133,19.78805,20.45652,20.49601,21.16757,,,29.0
Arab World,ARB,"Pupil-teacher ratio, primary",SE.PRM.ENRL.TC.ZS,24.0697,24.04182,23.53131,23.0639,23.57823,22.95187,23.19249,22.43882,22.56369,22.90516,22.39068,21.96937,21.79427,21.52564,21.24495,21.59226,21.34929,21.25952,20.90504,21.02566,21.05971,20.36261,19.47213,19.21687,19.41851,19.56773,20.02351,20.62693,20.78495,,,29.0
Arab World,ARB,"Pupil-teacher ratio, secondary",SE.SEC.ENRL.TC.ZS,17.79876,16.78804,16.55208,16.46,16.79409,16.36114,15.81358,15.64744,15.96622,16.28416,16.29985,16.32731,16.50426,16.47046,16.56364,16.17217,15.71052,15.20759,14.85188,14.56006,14.51277,14.46235,14.41522,14.36273,14.44477,14.50165,14.52697,14.55245,14.49976,,,29.0
Arab World,ARB,"Pupil-teacher ratio, upper secondary",SE.SEC.ENRL.UP.TC.ZS,,,,,14.64158,14.22229,13.29838,12.9214,13.07663,13.20143,13.25397,13.44778,13.60084,14.18637,14.44809,14.03529,13.46965,12.77224,12.27448,11.71826,12.0762,12.34899,12.30516,12.37946,12.46555,12.49049,12.25572,12.59088,12.62595,,,25.0
Arab World,ARB,Renewable electricity output (% of total electricity output),EG.ELC.RNEW.ZS,7.241521246,6.690711244,5.769018133,5.387481871,5.320985082,5.081062818,5.300068346,5.171465028,4.809929674,4.846387134,4.46423747,4.617561634,3.755548631,3.943509658,3.913530097,4.474439922,4.119493989,4.150216715,3.36273905,3.328485767,3.854009912,3.549765635,3.481218522,3.770384961,3.27807342,2.920701686,,,,,,
Arab World,ARB,Renewable energy consumption (% of total final energy consumption),EG.FEC.RNEW.ZS,7.344357767,7.284092766,6.91296591,6.737793486,6.914191777,6.817911043,6.80520668,6.843938083,6.757473332,6.744100456,6.636856509,6.484304837,6.331207781,6.426208805,6.73392872,6.381240944,6.180767816,5.591310965,5.183182082,5.069994307,4.824452294,4.689964042,4.264385993,4.331575486,4.217009844,4.126902394,,,,,,
Arab World,ARB,"School enrollment, preprimary (% gross)",SE.PRE.ENRR,12.75778961,12.87693977,12.91963959,13.09619999,13.29018021,13.4446497,13.74351978,13.92278957,14.19511986,13.9917202,14.41948032,14.37705994,14.6273098,15.05070019,15.53227043,16.24769974,18.14217949,18.12816048,19.71291924,22.66387939,23.15707016,23.2303009,23.88171959,24.1138401,26.38940048,26.87330055,26.88422966,27.12811089,27.1865406,27.77190971,28.24979973,31.0
Arab World,ARB,"School enrollment, preprimary, female (% gross)",SE.PRE.ENRR.FE,10.67057991,10.7841301,10.74629021,11.01663971,11.21850014,11.41244984,11.74738026,11.98336983,12.35120964,12.33699036,12.88945007,13.02396011,13.2889204,13.99868011,14.50842953,15.24361992,17.17260933,17.33983994,18.9845295,21.69610977,22.3055191,22.88740921,23.43047905,24.66181946,26.33132935,26.34719086,26.71138,26.89315033,26.9975605,27.64518929,28.15918922,31.0
Arab World,ARB,"School enrollment, preprimary, male (% gross)",SE.PRE.ENRR.MA,14.76264,14.88558006,15.00403976,15.08918953,15.27472973,15.39169025,15.65767002,15.78192997,15.96345043,15.57837963,15.88644981,15.67335987,15.91108036,16.05998993,16.51415062,17.21014977,19.07118988,18.88312912,20.41023064,23.59019089,23.97225952,23.55864906,24.31368065,23.58945084,26.4449501,27.3764801,27.04944992,27.35264969,27.36709023,27.89295006,28.33637047,31.0
Arab World,ARB,"School enrollment, primary (gross), gender parity index (GPI)",SE.ENR.PRIM.FM.ZS,0.817569971,0.818019986,0.828450024,0.83415997,0.836149991,0.846480012,0.819519997,0.849849999,0.857620001,0.865660012,0.874319971,0.884840012,0.891240001,0.897440016,0.901790023,0.905860007,0.906989992,0.908940017,0.914990008,0.919290006,0.922900021,0.918039978,0.929440022,0.930890024,0.936680019,0.940949976,0.941330016,0.944519997,0.945349991,0.948260009,0.950179994,31.0
Arab World,ARB,"School enrollment, primary and secondary (gross), gender parity index (GPI)",SE.ENR.PRSC.FM.ZS,0.793070018,0.799600005,0.813440025,0.821080029,0.824169993,0.837750018,0.822809994,0.846029997,0.857179999,0.868420005,0.87729001,0.886300027,0.895259976,0.903349996,0.906939983,0.913670003,0.917309999,0.920419991,0.923160017,0.924130023,0.926810026,0.92651999,0.933889985,0.93581003,0.940289974,0.944939971,0.94253999,0.944450021,0.948260009,0.949790001,0.953410029,31.0
Arab World,ARB,"School enrollment, secondary (gross), gender parity index (GPI)",SE.ENR.SECO.FM.ZS,0.751160026,0.766600013,0.786989987,0.798370004,0.803669989,0.823050022,0.828429997,0.839619994,0.856769979,0.873449981,0.882770002,0.889410019,0.901870012,0.912029982,0.914300025,0.925249994,0.932539999,0.937059999,0.93502003,0.931159973,0.932780027,0.938579977,0.940259993,0.942879975,0.945800006,0.951059997,0.944620013,0.944559991,0.952910006,0.952509999,0.958760023,31.0
Arab World,ARB,"School enrollment, tertiary (% gross)",SE.TER.ENRR,11.0605402,10.7758503,11.4280901,12.34727955,12.9927702,13.8589201,14.78400993,15.75998974,16.53046036,17.93545914,18.18478966,18.78849983,19.60008049,19.60643005,20.77492905,21.83639908,22.34388924,22.94668007,23.70182991,24.39759064,25.06339073,24.52135086,25.88796043,27.43795013,28.61852074,30.09877014,30.75134087,31.57180023,32.93193054,33.44832993,33.35322189,31.0
Arab World,ARB,"School enrollment, tertiary (gross), gender parity index (GPI)",SE.ENR.TERT.FM.ZS,0.704110026,0.73356998,0.735339999,0.751980007,0.751420021,0.761810005,0.770699978,0.782500029,0.806039989,0.826759994,0.852490008,0.87055999,0.900089979,0.946690023,0.935779989,0.963680029,0.997690022,0.964619994,1.041149974,1.039330006,1.039720058,1.043750048,1.03768003,1.033110023,1.036380053,1.052880049,1.080330014,1.071670055,1.096850038,1.099470019,1.100409985,31.0
Arab World,ARB,"School enrollment, tertiary, female (% gross)",SE.TER.ENRR.FE,9.098250389,9.08343029,9.650210381,10.56731987,11.11798954,11.95608044,12.84068966,13.80362034,14.72189045,16.20229912,16.70976067,17.46475029,18.54949951,19.05864906,20.07188988,21.42444992,22.31752968,22.52397919,24.21276093,24.90031052,25.58496094,25.08379936,26.39819908,27.91201019,29.16254997,30.93709946,32.0704689,32.77830124,34.65848923,35.25220108,35.16799164,31.0
Arab World,ARB,"School enrollment, tertiary, male (% gross)",SE.TER.ENRR.MA,12.92166042,12.38243961,13.12351036,14.05263042,14.79598045,15.69431973,16.66098022,17.64048958,18.26449013,19.59734917,19.60102081,20.06155014,20.60845947,20.13190079,21.44939041,22.23188972,22.36920929,23.35009956,23.2164402,23.92108917,24.56880951,23.98641968,25.40358925,26.98793983,28.10157013,29.30098915,29.49439049,30.42907906,31.30167007,31.74562073,31.6368103,31.0
Arab World,ARB,"Secondary education, duration (years)",SE.SEC.DURS,6,6,6,6,6,6,6,6,6,6,6,6,6,6,6,6,6,6,6,6,6,6,6.0,6.0,6.0,6.0,6,6,6,6,6,
Arab World,ARB,"Services, value added per worker (constant 2015 US$)",NV.SRV.EMPL.KD,,14185.31992,14611.18685,14548.29786,14087.40562,13543.90248,13548.10258,13513.81165,13723.06911,13155.4849,12804.11052,15355.56534,15498.48168,15354.46348,16564.8225,17030.00848,17494.31002,18089.36595,18535.71852,18372.18481,19479.50491,20583.25213,20993.90974,21441.88919,21835.79169,21813.58258,21712.10735,22112.16323,21703.15582,22587.03093,,
Arab World,ARB,"Suicide mortality rate (per 100,000 population)",SH.STA.SUIC.P5,,,,,,,,,,,4.588254627,4.598488597,4.546874514,4.496885528,4.447685993,4.44466148,4.415444846,4.427816547,4.465849352,4.474988357,4.507057552,4.573289652,4.584722858,4.502490725,4.44116571,4.333516477,4.25802951,4.179461852,4.212683748,4.180325301,,20.0
Arab World,ARB,"Suicide mortality rate, female (per 100,000 female population)",SH.STA.SUIC.FE.P5,,,,,,,,,,,3.24032809,3.189085337,3.137459624,3.066199567,3.018197435,2.988408388,2.927489457,2.882901197,2.849799305,2.832745255,2.837832367,2.816946269,2.817517294,2.743300624,2.677222194,2.658746939,2.591347277,2.547557096,2.532565823,2.492389683,,20.0
Arab World,ARB,"Suicide mortality rate, male (per 100,000 male population)",SH.STA.SUIC.MA.P5,,,,,,,,,,,5.895374511,5.916951728,5.871641838,5.859768513,5.828938605,5.82132134,5.8286974,5.868416188,5.964843902,6.03865843,6.070865259,6.227045917,6.25428667,6.104774124,6.053895813,5.907917883,5.814390362,5.728016646,5.738640373,5.748195958,,20.0
Arab World,ARB,Total fisheries production (metric tons),ER.FSH.PROD.MT,1606525.07,1659237.555,1648220.852,1742518.273,1955875.453,2111049.695,1901250.811,2112098.516,2150377.719,2306894.984,2571920.914,2934013.469,2865196.492,2989436.242,3105230.469,3267636.109,3122025.461,3168870.711,3248191.496,3532306.105,3733628.976,3666383.572,4069229.6,4206666.336,4296219.89,4356715.617,4868071.271,5181842,5681025.33,,,
Arab World,ARB,Total natural resources rents (% of GDP),NY.GDP.TOTL.RT.ZS,23.6001978,18.88405147,20.76190146,20.02309038,18.08684201,18.28870531,20.89194129,18.24674278,12.54277107,16.40406638,25.723123,20.97643307,20.06306783,22.43114987,26.75130808,33.40342638,33.84848476,30.79998927,35.10779005,22.47502883,26.03955563,36.18988801,35.3377494,32.4616705,28.81953411,17.20417175,14.15173192,18.05645819,23.17016373,20.19620316,14.42798269,
Arab World,ARB,Total reserves in months of imports,FI.RES.TOTL.MO,4.481049008,4.29549298,,,,,,,,,,,,,,18.36962839,22.07725181,24.27026409,25.58801389,26.60192112,26.90935881,32.47588792,30.38318711,29.81282156,26.87729066,25.18205286,27.60402156,25.42158058,23.25819947,21.45635498,22.47403441,
Arab World,ARB,Trained teachers in preprimary education (% of total teachers),SE.PRE.TCAQ.ZS,,,,,,,,,,,,,,,89.20912933,88.6619873,88.64697266,89.20043945,87.60381317,86.98356628,,,81.06147766,79.54888153,79.57642365,79.94889832,82.26669312,82.7946167,83.6414566,82.10919952,81.00144958,15.0
Arab World,ARB,"Trained teachers in preprimary education, female (% of female teachers)",SE.PRE.TCAQ.FE.ZS,,,,,,,,,,,,,,,88.15763855,87.20436859,87.80471802,88.24202728,86.97306061,87.18054962,,,80.36766052,78.74401855,79.19463348,79.54093933,81.78764343,82.62451172,83.26302338,81.90675354,81.1578064,15.0
Arab World,ARB,"Trained teachers in preprimary education, male (% of male teachers)",SE.PRE.TCAQ.MA.ZS,,,,,,,,,,,,,,,95.40348053,98.30203247,94.07842255,97.54184723,93.77210236,85.54618835,,,88.61978912,88.42707062,83.85504913,84.65486908,88.39430237,84.83648682,88.24375916,84.58789825,79.01647186,15.0
Arab World,ARB,Trained teachers in primary education (% of total teachers),SE.PRM.TCAQ.ZS,,,,,,,,,,,,,,,,93.73432159,92.14633942,90.60225677,90.23090363,91.23420715,91.27358246,88.74897766,84.03897858,82.5371933,84.89048004,84.47678375,84.11299896,84.76555634,85.27108002,83.89295197,83.366539,16.0
Arab World,ARB,"Trained teachers in primary education, female (% of female teachers)",SE.PRM.TCAQ.FE.ZS,,,,,,,,,,,,,,,,95.12236786,93.17015839,91.36354065,92.16349792,94.42465973,93.83998108,90.27829742,84.28486633,82.28684998,84.63204193,84.42656708,84.05084229,84.26637268,84.0340271,81.98464203,81.60604095,16.0
Arab World,ARB,"Trained teachers in primary education, male (% of male teachers)",SE.PRM.TCAQ.MA.ZS,,,,,,,,,,,,,,,,92.01309204,90.83643341,89.6055069,87.72550964,87.1444397,87.90131378,86.65138245,83.68261719,82.90869141,85.28385925,84.55490875,84.21138763,85.58435059,87.36147308,87.23760223,86.42796326,16.0
Arab World,ARB,"Unemployment, female (% of female labor force) (modeled ILO estimate)",SL.UEM.TOTL.FE.ZS,,16.33667467,15.49370994,17.07388988,17.66757387,18.11071447,16.38618116,16.5841807,16.54090129,16.50546002,17.88145654,17.75743576,18.24141538,18.10325055,17.90564693,17.91560606,17.23492958,16.15455714,16.21727689,17.76713321,18.34736003,19.35186777,19.80197105,19.79028879,19.95323382,20.32482539,20.30802974,20.60997264,20.20879706,20.0635298,21.96348471,30.0
Arab World,ARB,"Unemployment, male (% of male labor force) (modeled ILO estimate)",SL.UEM.TOTL.MA.ZS,,10.44522599,11.2699495,11.80213355,11.74133207,12.08904754,11.35329276,10.75739243,10.79270871,10.95046446,11.18547676,11.04775007,10.95197466,10.88248234,9.613246719,9.402673856,8.59661851,8.3462293,7.981570156,7.05717567,7.012561903,8.099737333,8.205416193,8.268895116,8.373622551,8.356699054,8.068522921,8.221733161,7.943481226,7.399330081,8.766431299,30.0
Arab World,ARB,"Unemployment, total (% of total labor force) (modeled ILO estimate)",SL.UEM.TOTL.ZS,,11.62466049,12.12359664,12.85982059,12.94926328,13.31719734,12.38248323,11.94803867,11.96995918,12.10909578,12.59610141,12.46938035,12.46500076,12.39052074,11.35267279,11.19593731,10.42583785,10.02722365,9.724742137,9.329219931,9.400911559,10.47667327,10.66312906,10.73539313,10.87222662,10.96590054,10.76111531,10.89637856,10.50233556,10.00615353,11.48732104,30.0
Arab World,ARB,"Unemployment, youth female (% of female labor force ages 15-24) (modeled ILO estimate)",SL.UEM.1524.FE.ZS,,27.21078588,26.36096673,29.10052746,30.41546224,31.93835462,28.91531172,29.42830199,29.73035362,28.67407903,32.62973068,33.29356499,31.21222583,31.84996974,32.78820947,34.28206656,34.66290607,33.73391055,35.59837449,36.67423907,38.21991095,38.84591397,40.97648843,40.6855092,40.62176647,40.03764047,39.44143972,42.27295351,46.08913328,45.09118678,47.88005165,30.0
Arab World,ARB,"Unemployment, youth male (% of male labor force ages 15-24) (modeled ILO estimate)",SL.UEM.1524.MA.ZS,,22.82402055,24.47791353,25.85997479,25.77482172,26.28501452,24.64967491,23.17273101,23.15795285,22.98361535,23.9991541,24.48849913,24.77424252,25.37265186,22.83866743,23.17221111,21.68608207,20.71759483,20.49658267,18.512449,18.97644878,21.61234412,23.09261339,23.37283025,23.52248594,25.30652699,24.84825645,25.18229532,22.66357308,21.16880995,24.02856484,30.0
Arab World,ARB,"Unemployment, youth total (% of total labor force ages 15-24) (modeled ILO estimate)",SL.UEM.1524.ZS,,24.61621489,25.41241341,27.19297597,27.45669788,28.09935115,25.95569638,24.95353823,24.9858236,24.668083,26.50463809,27.01206894,26.68472437,27.22114284,25.65416301,26.15265063,25.0692324,23.83900113,24.00988949,22.85471577,23.4925642,25.54538704,27.14851518,27.22108643,27.23725356,28.60357259,28.17314196,28.62084074,27.32343936,25.70826401,28.44151692,30.0
Arab World,ARB,Urban population,SP.URB.TOTL,112206715,116156921,118292240,122375841,126184143,131351768,134842548,138406842,142044209,145772435,149612191,153594287,157691929,162002776,166570987,171562822,176916080,182152309,188077327,194146202,200303097,206243657,212084938.0,217948565.0,223788436.0,229821029.0,235741356,241572841,247404481,253306244,259344908,31.0
Arab World,ARB,Urban population (% of total population),SP.URB.TOTL.IN.ZS,50.39524758,50.78305244,50.77871123,51.15121053,51.409425,51.89568602,52.06257087,52.2640692,52.49701583,52.74084599,52.98930169,53.25144416,53.51562569,53.80116724,54.10558232,54.47030631,54.86573621,55.14907974,55.57907435,56.0097688,56.44088052,56.79189573,57.09839627,57.40073405,57.69232547,58.03146615,58.34562698,58.64232235,58.92659505,59.20164596,59.47176561,31.0
Arab World,ARB,Urban population growth (annual %),SP.URB.GROW,4.82284887,3.520472015,1.838305442,3.452129235,3.111972076,4.09530459,2.657581282,2.643300689,2.628025427,2.624694119,2.634075503,2.661611981,2.667834905,2.733714419,2.819835013,2.996821409,3.120290246,2.959724746,3.252782264,3.226797773,3.171267291,2.965785397,2.832223344,2.764754091,2.679472104,2.695667885,2.576059739,2.473679247,2.414029647,2.385471345,2.383938076,31.0
Arab World,ARB,"Wage and salaried workers, female (% of female employment) (modeled ILO estimate)",SL.EMP.WORK.FE.ZS,,48.25362311,47.50454032,47.75810816,47.77168864,49.63780618,50.13110792,50.79275174,52.33561932,53.44405893,51.97479319,54.54824296,55.88745219,54.19177912,52.66292809,53.76336043,55.4348762,54.33664281,55.93879886,56.49271759,57.47514312,58.9771281,60.85980596,60.4189932,60.73203687,61.83793615,66.3380362,65.58507397,66.59481641,68.09468216,,29.0
Arab World,ARB,"Wage and salaried workers, male (% of male employment) (modeled ILO estimate)",SL.EMP.WORK.MA.ZS,,60.60052747,60.18263355,60.20100441,60.51870391,60.79146183,61.32335703,61.7134868,61.57149598,61.62148921,61.66100308,61.74899092,61.24062318,61.34473854,61.65317911,63.14668527,64.8135032,64.77537839,65.9418963,66.37492204,67.42216148,67.4156106,68.19734335,68.43731955,68.54592979,69.11396046,70.42422755,70.26401818,70.27706766,70.34501816,,29.0
Arab World,ARB,"Wage and salaried workers, total (% of total employment) (modeled ILO estimate)",SL.EMP.WORK.ZS,,58.25421891,57.72989527,57.81739117,58.06147785,58.63963417,59.14790084,59.60991209,59.78816624,60.01274267,59.76244821,60.31757621,60.20556613,59.94518769,59.90690202,61.32126687,62.98672583,62.7072823,63.99871837,64.50024428,65.56054346,65.80778032,66.78926965,66.89255975,67.02954888,67.70524588,69.5984237,69.3548468,69.5383164,69.88014398,,29.0
,,,,,,,,,,,,,,,,,,,,,,,,,,,,,,,,,,,
,,,,,,,,,,,,,,,,,,,,,,,,,,,,,,,,,,,
,,,,,,,,,,,,,,,,,,,,,,,,,,,,,,,,,,,
,,,,,,,,,,,,,,,,,,,,,,,,,,,,,,,,,,,
,,,,,,,,,,,,,,,,,,,,,,,,,,,,,,,,,,,
